-- Movie Insertions
INSERT INTO Movie (MovieID, Name, Releasedate, MPAARating) VALUES ('00001','Batman vs Superman', '05-05-2016', 10);
INSERT INTO Movie (MovieID, Name, Releasedate, MPAARating) VALUES ('00002','Terminator Genisys', '06-25-2015', 10);
INSERT INTO Movie (MovieID, Name, Releasedate, MPAARating) VALUES ('00003','Deadpool', '02-12-2016', 3);
INSERT INTO Movie (MovieID, Name, Releasedate, MPAARating) VALUES ('00004','Jurassic World', '06-10-2015', 10);
INSERT INTO Movie (MovieID, Name, Releasedate, MPAARating) VALUES ('00005','X-Men: Apocalypse', '05-27-2016', 10);
INSERT INTO Movie (MovieID, Name, Releasedate, MPAARating) VALUES ('00006','Suicide Squad', '08-04-2016', 10);
INSERT INTO Movie (MovieID, Name, Releasedate, MPAARating) VALUES ('00007','The Jungle Book', '06-25-2015', 10);
INSERT INTO Movie (MovieID, Name, Releasedate, MPAARating) VALUES ('00008','Mad Max: Fury Road', '05-15-2015', 10);
INSERT INTO Movie (MovieID, Name, Releasedate, MPAARating) VALUES ('00009','Creed', '11-19-2015', 10);
INSERT INTO Movie (MovieID, Name, Releasedate, MPAARating) VALUES ('00010','Inside Out', '06-19-2015', 10);
INSERT INTO Movie (MovieID, Name, Releasedate, MPAARating) VALUES ('00011','Rush Hour', '08-18-1998', 10);
INSERT INTO Movie (MovieID, Name, Releasedate, MPAARating) VALUES ('00012','Now you see me', '05-21-2013', 10);
INSERT INTO Movie (MovieID, Name, Releasedate, MPAARating) VALUES ('00013','Trainwreck', '07-17-2015', 10);
INSERT INTO Movie (MovieID, Name, Releasedate, MPAARating) VALUES ('00014','Pineapple Express', '08-06-2008', 10); 
INSERT INTO Movie (MovieID, Name, Releasedate, MPAARating) VALUES ('00015','The Revenant', '01-08-2016', 10);
INSERT INTO Movie (MovieID, Name, Releasedate, MPAARating) VALUES ('00016','The Dark Knight ', '07-18-2008', 10);
INSERT INTO Movie (MovieID, Name, Releasedate, MPAARating) VALUES ('00017','The Godfather', '03-24-1978', 10);
INSERT INTO Movie (MovieID, Name, Releasedate, MPAARating) VALUES ('00018','Goodfellas', '09-21-1990', 10);
INSERT INTO Movie (MovieID, Name, Releasedate, MPAARating) VALUES ('00019','Forrest Gump', '07-06-1994', 10);
INSERT INTO Movie (MovieID, Name, Releasedate, MPAARating) VALUES ('00020','The Matrix', '03-31-1999', 10);

-- Actor Injections
INSERT INTO Actor (ActorID, Lastname, Firstname, BirthDate, Country) VALUES ('00001','Affleck', 'Ben', '08-15-1972', 'United States');
INSERT INTO Actor (ActorID, Lastname, Firstname, BirthDate, Country) VALUES ('00002','Gadot', 'Gal', '04-30-1985', 'Isreal');
INSERT INTO Actor (ActorID, Lastname, Firstname, BirthDate, Country) VALUES ('00003','Cavill', 'Henry', '05-05-1983', 'United States');
INSERT INTO Actor (ActorID, Lastname, Firstname, BirthDate, Country) VALUES ('00004','Eisenberg', 'Jesse', '10-05-1983', 'United States');
INSERT INTO Actor (ActorID, Lastname, Firstname, BirthDate, Country) VALUES ('00005','Schwarzenegger', 'Arnold', '07-30-1947', 'Austria');
INSERT INTO Actor (ActorID, Lastname, Firstname, BirthDate, Country) VALUES ('00006','Pratt', 'Chris', '06-21-1979', 'United States');
INSERT INTO Actor (ActorID, Lastname, Firstname, BirthDate, Country) VALUES ('00007','Renolds', 'Ryan', '1-23-1976', 'Canada');
INSERT INTO Actor (ActorID, Lastname, Firstname, BirthDate, Country) VALUES ('00008','Lawrench', 'Jennifer', '08-15-1990', 'United States');
INSERT INTO Actor (ActorID, Lastname, Firstname, BirthDate, Country) VALUES ('00009','Fassbender', 'Michael', '04-02-1977', 'Germany');
INSERT INTO Actor (ActorID, Lastname, Firstname, BirthDate, Country) VALUES ('00010','Leto', 'Jared', '12-26-1971', 'United Kingdom');
INSERT INTO Actor (ActorID, Lastname, Firstname, BirthDate, Country) VALUES ('00011','Smith', 'Will', '09-25-1968', 'United States');
INSERT INTO Actor (ActorID, Lastname, Firstname, BirthDate, Country) VALUES ('00012','Johansson', 'Scarlett', '11-22-1984', 'United States');
INSERT INTO Actor (ActorID, Lastname, Firstname, BirthDate, Country) VALUES ('00013','Murray', 'Bill', '04-21-1979', 'United States');
INSERT INTO Actor (ActorID, Lastname, Firstname, BirthDate, Country) VALUES ('00014','Hardy', 'Tom', '09-15-1977', 'England');
INSERT INTO Actor (ActorID, Lastname, Firstname, BirthDate, Country) VALUES ('00015','B. Jordan', 'Michael', '02-09-1987', 'United States');
INSERT INTO Actor (ActorID, Lastname, Firstname, BirthDate, Country) VALUES ('00016','Poehler', 'Amy', '09-16-1971', 'United States');
INSERT INTO Actor (ActorID, Lastname, Firstname, BirthDate, Country) VALUES ('00017','Hader', 'Bill', '06-07-1978', 'United States');
INSERT INTO Actor (ActorID, Lastname, Firstname, BirthDate, Country) VALUES ('00018','Chan', 'Jackie', '04-07-1954', 'Hong Kong');
INSERT INTO Actor (ActorID, Lastname, Firstname, BirthDate, Country) VALUES ('00019','Tucker', 'Chris', '08-31-1971', 'United States');
INSERT INTO Actor (ActorID, Lastname, Firstname, BirthDate, Country) VALUES ('00020','Ruffalo', 'Mark', '04-02-1977', 'United States');
INSERT INTO Actor (ActorID, Lastname, Firstname, BirthDate, Country) VALUES ('00021','Caine', 'Michael', '03-14-1933', 'United Kingdom');
INSERT INTO Actor (ActorID, Lastname, Firstname, BirthDate, Country) VALUES ('00022','Harrelson', 'Woody', '07-23-1961', 'United States');
INSERT INTO Actor (ActorID, Lastname, Firstname, BirthDate, Country) VALUES ('00023','Fisher', 'Isla', '02-03-1976', 'Australia');
INSERT INTO Actor (ActorID, Lastname, Firstname, BirthDate, Country) VALUES ('00024','Schumer', 'Amy', '06-01-1981', 'United States');
INSERT INTO Actor (ActorID, Lastname, Firstname, BirthDate, Country) VALUES ('00025','Cena', 'John', '04-23-1977', 'United States');
INSERT INTO Actor (ActorID, Lastname, Firstname, BirthDate, Country) VALUES ('00026','Franco', 'James', '04-19-1978', 'United States');
INSERT INTO Actor (ActorID, Lastname, Firstname, BirthDate, Country) VALUES ('00027','Rogen', 'Seth', '04-15-1982', 'United States');
INSERT INTO Actor (ActorID, Lastname, Firstname, BirthDate, Country) VALUES ('00028','Heard', 'Amber', '04-22-1986', 'United States');
INSERT INTO Actor (ActorID, Lastname, Firstname, BirthDate, Country) VALUES ('00029','Robinson', 'Craig', '10-25-1971', 'United States');
INSERT INTO Actor (ActorID, Lastname, Firstname, BirthDate, Country) VALUES ('00030','DiCaprio', 'Leonardo', '11-11-1974', 'United Kingdom');
INSERT INTO Actor (ActorID, Lastname, Firstname, BirthDate, Country) VALUES ('00031','Poulter', 'Will', '01-28-1993', 'United States');
INSERT INTO Actor (ActorID, Lastname, Firstname, BirthDate, Country) VALUES ('00032','Bale', 'Christian', '01-30-1974', 'United Kingdom');
INSERT INTO Actor (ActorID, Lastname, Firstname, BirthDate, Country) VALUES ('00033','Ledger', 'Heath', '04-04-1979', 'United States');
INSERT INTO Actor (ActorID, Lastname, Firstname, BirthDate, Country) VALUES ('00034','Freeman', 'Morgan', '06-01-1937', 'United States');
INSERT INTO Actor (ActorID, Lastname, Firstname, BirthDate, Country) VALUES ('00035','Pacino', 'Al', '04-25-1940', 'United States');
INSERT INTO Actor (ActorID, Lastname, Firstname, BirthDate, Country) VALUES ('00036','Brando', 'Marlon', '04-03-1924', 'United States');
INSERT INTO Actor (ActorID, Lastname, Firstname, BirthDate, Country) VALUES ('00037','Hanks', 'Tom', '06-09-1956', 'United States');
INSERT INTO Actor (ActorID, Lastname, Firstname, BirthDate, Country) VALUES ('00038','Wright', 'Robin', '04-08-1966', 'United States');
INSERT INTO Actor (ActorID, Lastname, Firstname, BirthDate, Country) VALUES ('00039','Sinise', 'Gary', '03-07-1955', 'United States');
INSERT INTO Actor (ActorID, Lastname, Firstname, BirthDate, Country) VALUES ('00040','Reeves', 'Keanu ', '09-02-1964', 'United States');
INSERT INTO Actor (ActorID, Lastname, Firstname, BirthDate, Country) VALUES ('00041','Moss', 'Carrie-Anne', '08-21-1967', 'United States');
INSERT INTO Actor (ActorID, Lastname, Firstname, BirthDate, Country) VALUES ('00042','Fishburne', 'Laurence', '07-30-1961', 'United States');

-- Director Injections
INSERT INTO Director (DirectorID, Lastname, Firstname, Country) VALUES ('00001','Snyder', 'Zach', 'United States');
INSERT INTO Director (DirectorID, Lastname, Firstname, Country) VALUES ('00002','Taylor', 'Alan', 'United States');
INSERT INTO Director (DirectorID, Lastname, Firstname, Country) VALUES ('00003','Miller', 'Tim', 'United States');
INSERT INTO Director (DirectorID, Lastname, Firstname, Country) VALUES ('00004','Trevorrow', 'Colin', 'United States');
INSERT INTO Director (DirectorID, Lastname, Firstname, Country) VALUES ('00005','Singer', 'Bryan', 'United States');
INSERT INTO Director (DirectorID, Lastname, Firstname, Country) VALUES ('00006','Ayer', 'David', 'United States');
INSERT INTO Director (DirectorID, Lastname, Firstname, Country) VALUES ('00007','Favreae', 'Jon', 'United States');
INSERT INTO Director (DirectorID, Lastname, Firstname, Country) VALUES ('00008','Miller', 'George', 'Australia');
INSERT INTO Director (DirectorID, Lastname, Firstname, Country) VALUES ('00009','Coogler', 'Ryan', 'United States');
INSERT INTO Director (DirectorID, Lastname, Firstname, Country) VALUES ('00010','Docter', 'Pete', 'United States');
INSERT INTO Director (DirectorID, Lastname, Firstname, Country) VALUES ('00011','Ratner', 'Brett', 'United States');
INSERT INTO Director (DirectorID, Lastname, Firstname, Country) VALUES ('00012','Chu', 'M. Tow', 'United States');
INSERT INTO Director (DirectorID, Lastname, Firstname, Country) VALUES ('00013','Apatow', 'Jade', 'United States');
INSERT INTO Director (DirectorID, Lastname, Firstname, Country) VALUES ('00014','Green', 'David', 'United States');
INSERT INTO Director (DirectorID, Lastname, Firstname, Country) VALUES ('00015','Iñárritu', 'Alejandro ', 'Mexico');
INSERT INTO Director (DirectorID, Lastname, Firstname, Country) VALUES ('00016','Nolan', 'Christopher', 'United States');
INSERT INTO Director (DirectorID, Lastname, Firstname, Country) VALUES ('00017','Coppola', 'Ford', 'United States');
INSERT INTO Director (DirectorID, Lastname, Firstname, Country) VALUES ('00018','Scorsese', 'Martin', 'United States');
INSERT INTO Director (DirectorID, Lastname, Firstname, Country) VALUES ('00019','Zemeckis', 'Robert', 'United States');
INSERT INTO Director (DirectorID, Lastname, Firstname, Country) VALUES ('00020','Wachowski', 'Lana', 'United States');

-- Studio Injections
INSERT INTO Studio (StudioID, Name, Country) VALUES ('00001','Warner Bros.', 'United States');
INSERT INTO Studio (StudioID, Name, Country) VALUES ('00002','RKO-Pictures', 'United States');
INSERT INTO Studio (StudioID, Name, Country) VALUES ('00003','Paramount Pictures', 'United States');
INSERT INTO Studio (StudioID, Name, Country) VALUES ('00004','Universal Studios', 'United States');
INSERT INTO Studio (StudioID, Name, Country) VALUES ('00005','Walt Disney', 'United States');
INSERT INTO Studio (StudioID, Name, Country) VALUES ('00006','MGM', 'United States');
INSERT INTO Studio (StudioID, Name, Country) VALUES ('00007','20th Century Fox', 'United States');
INSERT INTO Studio (StudioID, Name, Country) VALUES ('00009','New Line Cinema', 'United States');
INSERT INTO Studio (StudioID, Name, Country) VALUES ('00010','Lionsgate', 'United States');
INSERT INTO Studio (StudioID, Name, Country) VALUES ('00011','Apatow ', 'United States');

--Directs Injections
INSERT INTO Directs (MovieID, DirectorID) VALUES ('00001','00001'); --Batman/Superman
INSERT INTO Directs (MovieID, DirectorID) VALUES ('00002','00002'); --Terminator
INSERT INTO Directs (MovieID, DirectorID) VALUES ('00003','00003'); --Deadpool
INSERT INTO Directs (MovieID, DirectorID) VALUES ('00004','00004'); --Jurassic World
INSERT INTO Directs (MovieID, DirectorID) VALUES ('00005','00005'); --X-Men Apocolypse
INSERT INTO Directs (MovieID, DirectorID) VALUES ('00006','00006'); --Suicide Squad
INSERT INTO Directs (MovieID, DirectorID) VALUES ('00007','00007'); --The Jungle Book
INSERT INTO Directs (MovieID, DirectorID) VALUES ('00008','00008'); --Mad Max
INSERT INTO Directs (MovieID, DirectorID) VALUES ('00009','00009'); --Creed
INSERT INTO Directs (MovieID, DirectorID) VALUES ('00010','00010'); --Inside Out
INSERT INTO Directs (MovieID, DirectorID) VALUES ('00011','00011'); 
INSERT INTO Directs (MovieID, DirectorID) VALUES ('00012','00012'); 
INSERT INTO Directs (MovieID, DirectorID) VALUES ('00013','00013'); 
INSERT INTO Directs (MovieID, DirectorID) VALUES ('00014','00014'); 
INSERT INTO Directs (MovieID, DirectorID) VALUES ('00015','00015');
INSERT INTO Directs (MovieID, DirectorID) VALUES ('00016','00016'); 
INSERT INTO Directs (MovieID, DirectorID) VALUES ('00017','00017'); 
INSERT INTO Directs (MovieID, DirectorID) VALUES ('00018','00018'); 
INSERT INTO Directs (MovieID, DirectorID) VALUES ('00019','00019'); 
INSERT INTO Directs (MovieID, DirectorID) VALUES ('00020','00020'); 

--ActorStars Injections
INSERT INTO ActorStars (MovieID, ActorID) VALUES ('00001','00001'); --Batman/Superman
INSERT INTO ActorStars (MovieID, ActorID) VALUES ('00001','00002'); --Batman/Superman
INSERT INTO ActorStars (MovieID, ActorID) VALUES ('00001','00003'); --Batman/Superman
INSERT INTO ActorStars (MovieID, ActorID) VALUES ('00001','00004'); --Batman/Superman
INSERT INTO ActorStars (MovieID, ActorID) VALUES ('00002','00005'); --Terminator
INSERT INTO ActorStars (MovieID, ActorID) VALUES ('00003','00007'); --DeadPool
INSERT INTO ActorStars (MovieID, ActorID) VALUES ('00004','00006'); --Jurassic World
INSERT INTO ActorStars (MovieID, ActorID) VALUES ('00005','00008'); --X-Men Apocolypse
INSERT INTO ActorStars (MovieID, ActorID) VALUES ('00005','00009'); --X-Men Apocolypse
INSERT INTO ActorStars (MovieID, ActorID) VALUES ('00006','00010'); --Suicide Squad
INSERT INTO ActorStars (MovieID, ActorID) VALUES ('00006','00011'); --Terminator
INSERT INTO ActorStars (MovieID, ActorID) VALUES ('00007','00012'); --The Jungle Book
INSERT INTO ActorStars (MovieID, ActorID) VALUES ('00007','00013'); --The Jungle Book
INSERT INTO ActorStars (MovieID, ActorID) VALUES ('00008','00014'); --Mad Max
INSERT INTO ActorStars (MovieID, ActorID) VALUES ('00009','00015'); --Creed
INSERT INTO ActorStars (MovieID, ActorID) VALUES ('00010','00016'); --Inside out
INSERT INTO ActorStars (MovieID, ActorID) VALUES ('00010','00017'); --Inside out
INSERT INTO ActorStars (MovieID, ActorID) VALUES ('00011','00018'); --Rush Hour
INSERT INTO ActorStars (MovieID, ActorID) VALUES ('00011','00019'); --Rush Hour
INSERT INTO ActorStars (MovieID, ActorID) VALUES ('00012','00020'); --Know you see me
INSERT INTO ActorStars (MovieID, ActorID) VALUES ('00012','00021'); --Know you see me
INSERT INTO ActorStars (MovieID, ActorID) VALUES ('00012','00022'); --Know you see me
INSERT INTO ActorStars (MovieID, ActorID) VALUES ('00012','00023'); --Know you see me
INSERT INTO ActorStars (MovieID, ActorID) VALUES ('00012','00004'); --Know you see me
INSERT INTO ActorStars (MovieID, ActorID) VALUES ('00013','00024'); --Trainwreck
INSERT INTO ActorStars (MovieID, ActorID) VALUES ('00013','00025'); --Trainwreck
INSERT INTO ActorStars (MovieID, ActorID) VALUES ('00013','00017'); --Trainwreck
INSERT INTO ActorStars (MovieID, ActorID) VALUES ('00014','00026'); --Pineapple Express
INSERT INTO ActorStars (MovieID, ActorID) VALUES ('00014','00027'); --Pineapple Express
INSERT INTO ActorStars (MovieID, ActorID) VALUES ('00014','00028'); --Pineapple Express
INSERT INTO ActorStars (MovieID, ActorID) VALUES ('00014','00029'); --Pineapple Express
INSERT INTO ActorStars (MovieID, ActorID) VALUES ('00015','00030'); --The Revanant
INSERT INTO ActorStars (MovieID, ActorID) VALUES ('00015','00031'); --The Revanant
INSERT INTO ActorStars (MovieID, ActorID) VALUES ('00015','00014'); --The Revanant
INSERT INTO ActorStars (MovieID, ActorID) VALUES ('00016','00032'); --Dark Knight Rises
INSERT INTO ActorStars (MovieID, ActorID) VALUES ('00016','00033'); --Dark Knight Rises
INSERT INTO ActorStars (MovieID, ActorID) VALUES ('00016','00034'); --Dark Knight Rises
INSERT INTO ActorStars (MovieID, ActorID) VALUES ('00017','00035'); --Godfather
INSERT INTO ActorStars (MovieID, ActorID) VALUES ('00017','00036'); --Godfather
INSERT INTO ActorStars (MovieID, ActorID) VALUES ('00019','00037'); --GoodFellas
INSERT INTO ActorStars (MovieID, ActorID) VALUES ('00019','00038'); --Forrest Gump
INSERT INTO ActorStars (MovieID, ActorID) VALUES ('00019','00039'); --Forrest Gump
INSERT INTO ActorStars (MovieID, ActorID) VALUES ('00020','00040'); --Matrix
INSERT INTO ActorStars (MovieID, ActorID) VALUES ('00020','00041'); --Matrix
INSERT INTO ActorStars (MovieID, ActorID) VALUES ('00020','00042'); --Matrix

--Sponsors Injections
INSERT INTO Sponsors (StudioID, MovieID) VALUES ('00001','00001'); --Batman/Superman
INSERT INTO Sponsors (StudioID, MovieID) VALUES ('00001','00002'); --Terminator
INSERT INTO Sponsors (StudioID, MovieID) VALUES ('00001','00003'); --Deadpool
INSERT INTO Sponsors (StudioID, MovieID) VALUES ('00001','00004'); --Jurassic World
INSERT INTO Sponsors (StudioID, MovieID) VALUES ('00001','00005'); --X-Men Apocolypse
INSERT INTO Sponsors (StudioID, MovieID) VALUES ('00001','00006'); --Suicide Squad
INSERT INTO Sponsors (StudioID, MovieID) VALUES ('00001','00007'); --The Jungle Book
INSERT INTO Sponsors (StudioID, MovieID) VALUES ('00001','00008'); --Mad Max
INSERT INTO Sponsors (StudioID, MovieID) VALUES ('00001','00009'); --Creed
INSERT INTO Sponsors (StudioID, MovieID) VALUES ('00008','00010'); --Inside out
INSERT INTO Sponsors (StudioID, MovieID) VALUES ('00008','00011'); 
INSERT INTO Sponsors (StudioID, MovieID) VALUES ('00009','00012'); 
INSERT INTO Sponsors (StudioID, MovieID) VALUES ('00010','00013'); 
INSERT INTO Sponsors (StudioID, MovieID) VALUES ('00010','00014'); 
INSERT INTO Sponsors (StudioID, MovieID) VALUES ('00007','00015'); 
INSERT INTO Sponsors (StudioID, MovieID) VALUES ('00001','00016'); 
INSERT INTO Sponsors (StudioID, MovieID) VALUES ('00001','00017'); 
INSERT INTO Sponsors (StudioID, MovieID) VALUES ('00001','00018'); 
INSERT INTO Sponsors (StudioID, MovieID) VALUES ('00001','00019'); 
INSERT INTO Sponsors (StudioID, MovieID) VALUES ('00001','00020'); 

--User Injection
INSERT INTO Users (UserID, password, lastname, firstname, email, city, province, country) VALUES ('TomJ','password', 'Jarrod', 'Tom', 'TJ@gmail.com', 'Ottawa', 'Ontario', 'Canada'); 
INSERT INTO Users (UserID, password, lastname, firstname, email, city, province, country) VALUES ('MovieMan','password', 'Riddle', 'Rory', 'Rawrman@gmail.com', 'Toronto', 'Ontario', 'Canada');
INSERT INTO Users (UserID, password, lastname, firstname, email, city, province, country) VALUES ('SassySuz','password', 'McDonald', 'Susie', 'latherit@gmail.com', 'Mississauga', 'Ontario', 'Canada');
INSERT INTO Users (UserID, password, lastname, firstname, email, city, province, country) VALUES ('A','password', 'Tod', 'Tom', 'TJ@gmail.com', 'Ottawa', 'Ontario', 'Canada'); 
INSERT INTO Users (UserID, password, lastname, firstname, email, city, province, country) VALUES ('B','password', 'Cassy', 'Rory', 'Rawrsman@gmail.com', 'Toronto', 'Ontario', 'Canada');
INSERT INTO Users (UserID, password, lastname, firstname, email, city, province, country) VALUES ('C','password', 'Bart', 'Susie', 'lataserit@gmail.com', 'Mississauga', 'Ontario', 'Canada');
INSERT INTO Users (UserID, password, lastname, firstname, email, city, province, country) VALUES ('D','password', 'Dung', 'Tom', 'TsdJ@gmail.com', 'Ottawa', 'Ontario', 'Canada'); 
INSERT INTO Users (UserID, password, lastname, firstname, email, city, province, country) VALUES ('E','password', 'Lyla', 'Rory', 'Raaswrman@gmail.com', 'Toronto', 'Ontario', 'Canada');
INSERT INTO Users (UserID, password, lastname, firstname, email, city, province, country) VALUES ('F','password', 'Suz', 'Susie', 'latsdherit@gmail.com', 'Mississauga', 'Ontario', 'Canada');
INSERT INTO Users (UserID, password, lastname, firstname, email, city, province, country) VALUES ('G','password', 'Max', 'Cax', 'TJss@gmail.com', 'Ottawa', 'Ontario', 'Canada'); 
INSERT INTO Users (UserID, password, lastname, firstname, email, city, province, country) VALUES ('H','password', 'Eaten', 'Rory', 'Rawasrman@gmail.com', 'Toronto', 'Ontario', 'Canada');
INSERT INTO Users (UserID, password, lastname, firstname, email, city, province, country) VALUES ('I','password', 'Scott', 'Travis', 'lasatherit@gmail.com', 'Mississauga', 'Ontario', 'Canada');

--Topic Injections
INSERT INTO Topics (TopicID, Descirption) VALUES ('00001','Science Fiction'); 
INSERT INTO Topics (TopicID, Descirption) VALUES ('00002','Fantasy'); 
INSERT INTO Topics (TopicID, Descirption) VALUES ('00003','Drama '); 
INSERT INTO Topics (TopicID, Descirption) VALUES ('00004','Sport'); 
INSERT INTO Topics (TopicID, Descirption) VALUES ('00005','Science'); 
INSERT INTO Topics (TopicID, Descirption) VALUES ('00006','Comedy'); 
INSERT INTO Topics (TopicID, Descirption) VALUES ('00007','Thriller');
INSERT INTO Topics (TopicID, Descirption) VALUES ('00008','Horror');
INSERT INTO Topics (TopicID, Descirption) VALUES ('00009','Documentary'); 
INSERT INTO Topics (TopicID, Descirption) VALUES ('00010','Action'); 
INSERT INTO Topics (TopicID, Descirption) VALUES ('00011','Adventure'); 
INSERT INTO Topics (TopicID, Descirption) VALUES ('00012','Animation'); 
INSERT INTO Topics (TopicID, Descirption) VALUES ('00013','Crime'); 
INSERT INTO Topics (TopicID, Descirption) VALUES ('00014','Mystery'); 

--MovieTopics Injections
INSERT INTO MovieTopics (TopicID, MovieID, Language, Subtitles, Country) VALUES ('00001','00001', 'English', 'y', 'Canada'); --Batman/Superman
INSERT INTO MovieTopics (TopicID, MovieID, Language, Subtitles, Country) VALUES ('00010','00001', 'English', 'y', 'Canada'); --Batman/Superman
INSERT INTO MovieTopics (TopicID, MovieID, Language, Subtitles, Country) VALUES ('00002','00001', 'English', 'y', 'Canada'); --Batman/Superman
INSERT INTO MovieTopics (TopicID, MovieID, Language, Subtitles, Country) VALUES ('00001','00003', 'English', 'y', 'Canada'); --Deadpool
INSERT INTO MovieTopics (TopicID, MovieID, Language, Subtitles, Country) VALUES ('00010','00003', 'English', 'y', 'Canada'); --Deadpool
INSERT INTO MovieTopics (TopicID, MovieID, Language, Subtitles, Country) VALUES ('00006','00003', 'English', 'y', 'Canada'); --Deadpool
INSERT INTO MovieTopics (TopicID, MovieID, Language, Subtitles, Country) VALUES ('00001','00002', 'English', 'y', 'Canada'); --Terminator
INSERT INTO MovieTopics (TopicID, MovieID, Language, Subtitles, Country) VALUES ('00010','00002', 'English', 'y', 'Canada'); --Terminator
INSERT INTO MovieTopics (TopicID, MovieID, Language, Subtitles, Country) VALUES ('00001','00004', 'English', 'y', 'Canada'); --Jurassic World
INSERT INTO MovieTopics (TopicID, MovieID, Language, Subtitles, Country) VALUES ('00011','00004', 'English', 'y', 'Canada'); --Jurassic World
INSERT INTO MovieTopics (TopicID, MovieID, Language, Subtitles, Country) VALUES ('00007','00004', 'English', 'y', 'Canada'); --Jurassic World
INSERT INTO MovieTopics (TopicID, MovieID, Language, Subtitles, Country) VALUES ('00010','00005', 'English', 'y', 'Canada'); --X-Men Apocolypse
INSERT INTO MovieTopics (TopicID, MovieID, Language, Subtitles, Country) VALUES ('00001','00005', 'English', 'y', 'Canada'); --X-Men Apocolypse
INSERT INTO MovieTopics (TopicID, MovieID, Language, Subtitles, Country) VALUES ('00010','00006', 'Englsih', 'y', 'Canada'); --Suicide Squad
INSERT INTO MovieTopics (TopicID, MovieID, Language, Subtitles, Country) VALUES ('00002','00006', 'Englsih', 'y', 'Canada'); --Suicide Squad
INSERT INTO MovieTopics (TopicID, MovieID, Language, Subtitles, Country) VALUES ('00001','00006', 'Englsih', 'y', 'Canada'); --Suicide Squad
INSERT INTO MovieTopics (TopicID, MovieID, Language, Subtitles, Country) VALUES ('00002','00007', 'English', 'y', 'Canada'); --The Jungle Book
INSERT INTO MovieTopics (TopicID, MovieID, Language, Subtitles, Country) VALUES ('00011','00007', 'English', 'y', 'Canada'); --The Jungle Book
INSERT INTO MovieTopics (TopicID, MovieID, Language, Subtitles, Country) VALUES ('00007','00007', 'English', 'y', 'Canada'); --The Jungle Book
INSERT INTO MovieTopics (TopicID, MovieID, Language, Subtitles, Country) VALUES ('00010','00008', 'English', 'y', 'Canada'); --Mad Max
INSERT INTO MovieTopics (TopicID, MovieID, Language, Subtitles, Country) VALUES ('00002','00008', 'English', 'y', 'Canada'); --Mad Max
INSERT INTO MovieTopics (TopicID, MovieID, Language, Subtitles, Country) VALUES ('00011','00008', 'English', 'y', 'Canada'); --Mad Max
INSERT INTO MovieTopics (TopicID, MovieID, Language, Subtitles, Country) VALUES ('00003','00009', 'English', 'y', 'Canada'); --Creed
INSERT INTO MovieTopics (TopicID, MovieID, Language, Subtitles, Country) VALUES ('00004','00009', 'English', 'y', 'Canada'); --Creed
INSERT INTO MovieTopics (TopicID, MovieID, Language, Subtitles, Country) VALUES ('00006','00010', 'English', 'y', 'Canada'); --Inside out
INSERT INTO MovieTopics (TopicID, MovieID, Language, Subtitles, Country) VALUES ('00012','00010', 'English', 'y', 'Canada'); --Inside out
INSERT INTO MovieTopics (TopicID, MovieID, Language, Subtitles, Country) VALUES ('00006','00011', 'English', 'y', 'Canada'); 
INSERT INTO MovieTopics (TopicID, MovieID, Language, Subtitles, Country) VALUES ('00010','00011', 'English', 'y', 'Canada'); 
INSERT INTO MovieTopics (TopicID, MovieID, Language, Subtitles, Country) VALUES ('00013','00011', 'English', 'y', 'Canada'); 
INSERT INTO MovieTopics (TopicID, MovieID, Language, Subtitles, Country) VALUES ('00013','00012', 'English', 'y', 'Canada'); 
INSERT INTO MovieTopics (TopicID, MovieID, Language, Subtitles, Country) VALUES ('00014','00012', 'English', 'y', 'Canada'); 
INSERT INTO MovieTopics (TopicID, MovieID, Language, Subtitles, Country) VALUES ('00007','00012', 'English', 'y', 'Canada'); 
INSERT INTO MovieTopics (TopicID, MovieID, Language, Subtitles, Country) VALUES ('00003','00013', 'English', 'y', 'Canada'); 
INSERT INTO MovieTopics (TopicID, MovieID, Language, Subtitles, Country) VALUES ('00006','00013', 'English', 'y', 'Canada'); 
INSERT INTO MovieTopics (TopicID, MovieID, Language, Subtitles, Country) VALUES ('00006','00014', 'English', 'y', 'Canada');
INSERT INTO MovieTopics (TopicID, MovieID, Language, Subtitles, Country) VALUES ('00010','00014', 'English', 'y', 'Canada'); 
INSERT INTO MovieTopics (TopicID, MovieID, Language, Subtitles, Country) VALUES ('00003','00015', 'English', 'y', 'Canada'); 
INSERT INTO MovieTopics (TopicID, MovieID, Language, Subtitles, Country) VALUES ('00007','00015', 'English', 'y', 'Canada'); 
INSERT INTO MovieTopics (TopicID, MovieID, Language, Subtitles, Country) VALUES ('00003','00016', 'Englsih', 'y', 'Canada'); 
INSERT INTO MovieTopics (TopicID, MovieID, Language, Subtitles, Country) VALUES ('00013','00016', 'Englsih', 'y', 'Canada'); 
INSERT INTO MovieTopics (TopicID, MovieID, Language, Subtitles, Country) VALUES ('00003','00017', 'English', 'y', 'Canada'); 
INSERT INTO MovieTopics (TopicID, MovieID, Language, Subtitles, Country) VALUES ('00003','00018', 'English', 'y', 'Canada'); 
INSERT INTO MovieTopics (TopicID, MovieID, Language, Subtitles, Country) VALUES ('00003','00019', 'English', 'y', 'Canada'); 
INSERT INTO MovieTopics (TopicID, MovieID, Language, Subtitles, Country) VALUES ('00006','00019', 'English', 'y', 'Canada'); 
INSERT INTO MovieTopics (TopicID, MovieID, Language, Subtitles, Country) VALUES ('00002','00020', 'English', 'y', 'Canada'); 
INSERT INTO MovieTopics (TopicID, MovieID, Language, Subtitles, Country) VALUES ('00010','00020', 'English', 'y', 'Canada'); 

--Role Injections
INSERT INTO Role (RoleID, Name, ActorID, MovieID) VALUES ('00001','Batman', '00001','00001'); --Batman/Superman
INSERT INTO Role (RoleID, Name, ActorID, MovieID) VALUES ('00002','Superman', '00003','00001'); --Batman/Superman
INSERT INTO Role (RoleID, Name, ActorID, MovieID) VALUES ('00003','Superwoman', '00002','00001'); --Batman/Superman
INSERT INTO Role (RoleID, Name, ActorID, MovieID) VALUES ('00004','Terminator', '00005','00002'); --Terminator
INSERT INTO Role (RoleID, Name, ActorID, MovieID) VALUES ('00005','Deadpool', '00007','00003'); --Deadpool
INSERT INTO Role (RoleID, Name, ActorID, MovieID) VALUES ('00006','Owen', '00006','00004'); --Jurassic World
INSERT INTO Role (RoleID, Name, ActorID, MovieID) VALUES ('00007','Magnito', '00009','00005'); --X-Men: Apocalypse
INSERT INTO Role (RoleID, Name, ActorID, MovieID) VALUES ('00008','Mystique', '00008','00005'); --X-Men: Apocalypse
INSERT INTO Role (RoleID, Name, ActorID, MovieID) VALUES ('00009','Joker', '00010','00006'); --Suicide Squad
INSERT INTO Role (RoleID, Name, ActorID, MovieID) VALUES ('00010','Deadshot', '00011','00006'); --Suicide Squad
INSERT INTO Role (RoleID, Name, ActorID, MovieID) VALUES ('00011','Kaa', '00012','00007'); --The Jungle Book
INSERT INTO Role (RoleID, Name, ActorID, MovieID) VALUES ('00012','Baloo', '00013','00007'); --The Jungle Book
INSERT INTO Role (RoleID, Name, ActorID, MovieID) VALUES ('00013','Max', '00014','00008'); --Mad Max
INSERT INTO Role (RoleID, Name, ActorID, MovieID) VALUES ('00014','Creeds Son', '00015','00009'); --Creed
INSERT INTO Role (RoleID, Name, ActorID, MovieID) VALUES ('00015','Joy', '00016','00010'); --Inside out
INSERT INTO Role (RoleID, Name, ActorID, MovieID) VALUES ('00016','Fear', '00017','00010'); --Inside out
INSERT INTO Role (RoleID, Name, ActorID, MovieID) VALUES ('00017','Lee', '00018','00011'); 
INSERT INTO Role (RoleID, Name, ActorID, MovieID) VALUES ('00018','Detective', '00019','00011'); 
INSERT INTO Role (RoleID, Name, ActorID, MovieID) VALUES ('00019','Dylan', '00020','00012'); 
INSERT INTO Role (RoleID, Name, ActorID, MovieID) VALUES ('00020','McKinney', '00021','00012'); 
INSERT INTO Role (RoleID, Name, ActorID, MovieID) VALUES ('00021','Henley', '00022','00012'); 
INSERT INTO Role (RoleID, Name, ActorID, MovieID) VALUES ('00022','Daniel', '00004','00012'); 
INSERT INTO Role (RoleID, Name, ActorID, MovieID) VALUES ('00023','Amy', '00024','00013'); 
INSERT INTO Role (RoleID, Name, ActorID, MovieID) VALUES ('00024','Steven', '00025','00013'); 
INSERT INTO Role (RoleID, Name, ActorID, MovieID) VALUES ('00025','Bill', '00017','00013'); 
INSERT INTO Role (RoleID, Name, ActorID, MovieID) VALUES ('00026','Saul', '00026','00014'); 
INSERT INTO Role (RoleID, Name, ActorID, MovieID) VALUES ('00027','Dale', '00027','00014'); 
INSERT INTO Role (RoleID, Name, ActorID, MovieID) VALUES ('00028','Amber', '00028','00014'); 
INSERT INTO Role (RoleID, Name, ActorID, MovieID) VALUES ('00029','Matheson', '00029','00014'); 
INSERT INTO Role (RoleID, Name, ActorID, MovieID) VALUES ('00030','Hugh', '00030','00015'); 
INSERT INTO Role (RoleID, Name, ActorID, MovieID) VALUES ('00031','John', '00014','00015'); 
INSERT INTO Role (RoleID, Name, ActorID, MovieID) VALUES ('00032','Jim', '00031','00015'); 
INSERT INTO Role (RoleID, Name, ActorID, MovieID) VALUES ('00033','Batman', '00032','00016'); 
INSERT INTO Role (RoleID, Name, ActorID, MovieID) VALUES ('00034','Joker', '00033','00016'); 
INSERT INTO Role (RoleID, Name, ActorID, MovieID) VALUES ('00035','Lucius', '00034','00016'); 
INSERT INTO Role (RoleID, Name, ActorID, MovieID) VALUES ('00036','Alfred', '00021','00016'); 
INSERT INTO Role (RoleID, Name, ActorID, MovieID) VALUES ('00037','Micheal', '00035','00017'); 
INSERT INTO Role (RoleID, Name, ActorID, MovieID) VALUES ('00038','Vito', '00036','00017'); 
INSERT INTO Role (RoleID, Name, ActorID, MovieID) VALUES ('00039','Forrest', '00037','00019'); 
INSERT INTO Role (RoleID, Name, ActorID, MovieID) VALUES ('00040','Dan', '00038','00019'); 
INSERT INTO Role (RoleID, Name, ActorID, MovieID) VALUES ('00041','Jenny', '00039','00019'); 
INSERT INTO Role (RoleID, Name, ActorID, MovieID) VALUES ('00042','Neo', '00040','00020'); 
INSERT INTO Role (RoleID, Name, ActorID, MovieID) VALUES ('00043','Trinity', '00041','00020'); 
INSERT INTO Role (RoleID, Name, ActorID, MovieID) VALUES ('00044','Morpheus', '00042','00020'); 


--Watches Injections
INSERT INTO Watches (UserID, MovieID, WatchDate, Rating) VALUES ('TomJ','00001', '01-05-2016', 5); 
INSERT INTO Watches (UserID, MovieID, WatchDate, Rating) VALUES ('MovieMan','00001', '04-05-2016',4); 
INSERT INTO Watches (UserID, MovieID, WatchDate, Rating) VALUES ('A','00001', '01-15-2016', 5); 
INSERT INTO Watches (UserID, MovieID, WatchDate, Rating) VALUES ('B','00001', '04-02-2016',2); 
INSERT INTO Watches (UserID, MovieID, WatchDate, Rating) VALUES ('C','00001', '04-11-2016', 5); 
INSERT INTO Watches (UserID, MovieID, WatchDate, Rating) VALUES ('D','00001', '02-01-2016',3); 
INSERT INTO Watches (UserID, MovieID, WatchDate, Rating) VALUES ('TomJ','00002', '01-05-2016', 5); 
INSERT INTO Watches (UserID, MovieID, WatchDate, Rating) VALUES ('MovieMan','00002', '04-05-2016',4); 
INSERT INTO Watches (UserID, MovieID, WatchDate, Rating) VALUES ('A','00002', '01-15-2016', 1); 
INSERT INTO Watches (UserID, MovieID, WatchDate, Rating) VALUES ('B','00002', '04-02-2016',3); 
INSERT INTO Watches (UserID, MovieID, WatchDate, Rating) VALUES ('C','00002', '04-11-2016', 3); 
INSERT INTO Watches (UserID, MovieID, WatchDate, Rating) VALUES ('D','00002', '02-01-2016',4); 
INSERT INTO Watches (UserID, MovieID, WatchDate, Rating) VALUES ('TomJ','00003', '01-05-2016', 5); 
INSERT INTO Watches (UserID, MovieID, WatchDate, Rating) VALUES ('MovieMan','00003', '04-05-2016',4); 
INSERT INTO Watches (UserID, MovieID, WatchDate, Rating) VALUES ('A','00003', '01-15-2016', 2); 
INSERT INTO Watches (UserID, MovieID, WatchDate, Rating) VALUES ('B','00003', '04-02-2016',5); 
INSERT INTO Watches (UserID, MovieID, WatchDate, Rating) VALUES ('C','00003', '04-11-2016', 3); 
INSERT INTO Watches (UserID, MovieID, WatchDate, Rating) VALUES ('D','00003', '02-01-2016',5); 
INSERT INTO Watches (UserID, MovieID, WatchDate, Rating) VALUES ('TomJ','00004', '01-05-2016', 5); 
INSERT INTO Watches (UserID, MovieID, WatchDate, Rating) VALUES ('MovieMan','00004', '04-05-2016',2); 
INSERT INTO Watches (UserID, MovieID, WatchDate, Rating) VALUES ('A','00004', '01-15-2016', 4); 
INSERT INTO Watches (UserID, MovieID, WatchDate, Rating) VALUES ('B','00004', '04-02-2016',2); 
INSERT INTO Watches (UserID, MovieID, WatchDate, Rating) VALUES ('C','00004', '04-11-2016', 5); 
INSERT INTO Watches (UserID, MovieID, WatchDate, Rating) VALUES ('D','00004', '02-01-2016',3); 
INSERT INTO Watches (UserID, MovieID, WatchDate, Rating) VALUES ('TomJ','00005', '01-05-2016', 2); 
INSERT INTO Watches (UserID, MovieID, WatchDate, Rating) VALUES ('MovieMan','00005', '04-05-2016',5); 
INSERT INTO Watches (UserID, MovieID, WatchDate, Rating) VALUES ('A','00005', '01-15-2016', 3); 
INSERT INTO Watches (UserID, MovieID, WatchDate, Rating) VALUES ('B','00005', '04-02-2016',2); 
INSERT INTO Watches (UserID, MovieID, WatchDate, Rating) VALUES ('C','00005', '04-11-2016', 5); 
INSERT INTO Watches (UserID, MovieID, WatchDate, Rating) VALUES ('D','00005', '02-01-2016',1); 
INSERT INTO Watches (UserID, MovieID, WatchDate, Rating) VALUES ('TomJ','00006', '01-05-2016', 5); 
INSERT INTO Watches (UserID, MovieID, WatchDate, Rating) VALUES ('MovieMan','00006', '04-05-2016',4); 
INSERT INTO Watches (UserID, MovieID, WatchDate, Rating) VALUES ('A','00006', '01-15-2016', 4); 
INSERT INTO Watches (UserID, MovieID, WatchDate, Rating) VALUES ('B','00006', '04-02-2016',5); 
INSERT INTO Watches (UserID, MovieID, WatchDate, Rating) VALUES ('C','00006', '04-11-2016', 5); 
INSERT INTO Watches (UserID, MovieID, WatchDate, Rating) VALUES ('D','00006', '02-01-2016',2); 
INSERT INTO Watches (UserID, MovieID, WatchDate, Rating) VALUES ('TomJ','00007', '01-05-2016', 5); 
INSERT INTO Watches (UserID, MovieID, WatchDate, Rating) VALUES ('MovieMan','00007', '04-05-2016',4); 
INSERT INTO Watches (UserID, MovieID, WatchDate, Rating) VALUES ('A','00007', '01-15-2016', 3); 
INSERT INTO Watches (UserID, MovieID, WatchDate, Rating) VALUES ('B','00007', '04-02-2016',3); 
INSERT INTO Watches (UserID, MovieID, WatchDate, Rating) VALUES ('C','00007', '04-11-2016', 2); 
INSERT INTO Watches (UserID, MovieID, WatchDate, Rating) VALUES ('D','00007', '02-01-2016',3); 
INSERT INTO Watches (UserID, MovieID, WatchDate, Rating) VALUES ('TomJ','00008', '01-05-2016', 5); 
INSERT INTO Watches (UserID, MovieID, WatchDate, Rating) VALUES ('MovieMan','00008', '04-05-2016',4); 
INSERT INTO Watches (UserID, MovieID, WatchDate, Rating) VALUES ('A','00008', '01-15-2016', 3); 
INSERT INTO Watches (UserID, MovieID, WatchDate, Rating) VALUES ('B','00008', '04-02-2016',5); 
INSERT INTO Watches (UserID, MovieID, WatchDate, Rating) VALUES ('C','00008', '04-11-2016', 3); 
INSERT INTO Watches (UserID, MovieID, WatchDate, Rating) VALUES ('D','00008', '02-01-2016',3); 
INSERT INTO Watches (UserID, MovieID, WatchDate, Rating) VALUES ('TomJ','00009', '01-05-2016', 5); 
INSERT INTO Watches (UserID, MovieID, WatchDate, Rating) VALUES ('MovieMan','00009', '04-05-2016',3); 
INSERT INTO Watches (UserID, MovieID, WatchDate, Rating) VALUES ('A','00009', '01-15-2016', 3); 
INSERT INTO Watches (UserID, MovieID, WatchDate, Rating) VALUES ('B','00009', '04-02-2016',3); 
INSERT INTO Watches (UserID, MovieID, WatchDate, Rating) VALUES ('C','00009', '04-11-2016', 5); 
INSERT INTO Watches (UserID, MovieID, WatchDate, Rating) VALUES ('D','00009', '02-01-2016',2); 
INSERT INTO Watches (UserID, MovieID, WatchDate, Rating) VALUES ('TomJ','00010', '01-05-2016', 4); 
INSERT INTO Watches (UserID, MovieID, WatchDate, Rating) VALUES ('MovieMan','00010', '04-05-2016',5); 
INSERT INTO Watches (UserID, MovieID, WatchDate, Rating) VALUES ('A','00010', '01-15-2016', 5); 
INSERT INTO Watches (UserID, MovieID, WatchDate, Rating) VALUES ('B','00010', '04-02-2016',4); 
INSERT INTO Watches (UserID, MovieID, WatchDate, Rating) VALUES ('C','00010', '04-11-2016', 5); 
INSERT INTO Watches (UserID, MovieID, WatchDate, Rating) VALUES ('D','00010', '02-01-2016',4); 
INSERT INTO Watches (UserID, MovieID, WatchDate, Rating) VALUES ('TomJ','00011', '01-05-2016', 5); 
INSERT INTO Watches (UserID, MovieID, WatchDate, Rating) VALUES ('MovieMan','00011', '04-05-2016',4); 
INSERT INTO Watches (UserID, MovieID, WatchDate, Rating) VALUES ('A','00011', '01-15-2016', 2); 
INSERT INTO Watches (UserID, MovieID, WatchDate, Rating) VALUES ('B','00011', '04-02-2016',5); 
INSERT INTO Watches (UserID, MovieID, WatchDate, Rating) VALUES ('C','00011', '04-11-2016', 5); 
INSERT INTO Watches (UserID, MovieID, WatchDate, Rating) VALUES ('D','00011', '02-01-2016',4); 
INSERT INTO Watches (UserID, MovieID, WatchDate, Rating) VALUES ('TomJ','00012', '01-05-2016', 5); 
INSERT INTO Watches (UserID, MovieID, WatchDate, Rating) VALUES ('MovieMan','00012', '04-05-2016',4); 
INSERT INTO Watches (UserID, MovieID, WatchDate, Rating) VALUES ('A','00012', '01-15-2016', 3); 
INSERT INTO Watches (UserID, MovieID, WatchDate, Rating) VALUES ('B','00012', '04-02-2016',3); 
INSERT INTO Watches (UserID, MovieID, WatchDate, Rating) VALUES ('C','00012', '04-11-2016', 3); 
INSERT INTO Watches (UserID, MovieID, WatchDate, Rating) VALUES ('D','00012', '02-01-2016',4); 
INSERT INTO Watches (UserID, MovieID, WatchDate, Rating) VALUES ('TomJ','00013', '01-05-2016', 5); 
INSERT INTO Watches (UserID, MovieID, WatchDate, Rating) VALUES ('MovieMan','00013', '04-05-2016',4); 
INSERT INTO Watches (UserID, MovieID, WatchDate, Rating) VALUES ('A','00013', '01-15-2016', 2); 
INSERT INTO Watches (UserID, MovieID, WatchDate, Rating) VALUES ('B','00013', '04-02-2016',5); 
INSERT INTO Watches (UserID, MovieID, WatchDate, Rating) VALUES ('C','00013', '04-11-2016', 3); 
INSERT INTO Watches (UserID, MovieID, WatchDate, Rating) VALUES ('D','00013', '02-01-2016',4); 
INSERT INTO Watches (UserID, MovieID, WatchDate, Rating) VALUES ('TomJ','00014', '01-05-2016', 5); 
INSERT INTO Watches (UserID, MovieID, WatchDate, Rating) VALUES ('MovieMan','00014', '04-05-2016',2); 
INSERT INTO Watches (UserID, MovieID, WatchDate, Rating) VALUES ('A','00014', '01-15-2016', 3); 
INSERT INTO Watches (UserID, MovieID, WatchDate, Rating) VALUES ('B','00014', '04-02-2016',2); 
INSERT INTO Watches (UserID, MovieID, WatchDate, Rating) VALUES ('C','00014', '04-11-2016', 5); 
INSERT INTO Watches (UserID, MovieID, WatchDate, Rating) VALUES ('D','00014', '02-01-2016',3); 
INSERT INTO Watches (UserID, MovieID, WatchDate, Rating) VALUES ('TomJ','00015', '01-05-2016', 2); 
INSERT INTO Watches (UserID, MovieID, WatchDate, Rating) VALUES ('MovieMan','00015', '04-05-2016',5); 
INSERT INTO Watches (UserID, MovieID, WatchDate, Rating) VALUES ('A','00015', '01-15-2016', 3); 
INSERT INTO Watches (UserID, MovieID, WatchDate, Rating) VALUES ('B','00015', '04-02-2016',2); 
INSERT INTO Watches (UserID, MovieID, WatchDate, Rating) VALUES ('C','00015', '04-11-2016', 5); 
INSERT INTO Watches (UserID, MovieID, WatchDate, Rating) VALUES ('D','00015', '02-01-2016',1); 
INSERT INTO Watches (UserID, MovieID, WatchDate, Rating) VALUES ('TomJ','00016', '01-05-2016', 5); 
INSERT INTO Watches (UserID, MovieID, WatchDate, Rating) VALUES ('MovieMan','00016', '04-05-2016',4); 
INSERT INTO Watches (UserID, MovieID, WatchDate, Rating) VALUES ('A','00016', '01-15-2016', 4); 
INSERT INTO Watches (UserID, MovieID, WatchDate, Rating) VALUES ('B','00016', '04-02-2016',5); 
INSERT INTO Watches (UserID, MovieID, WatchDate, Rating) VALUES ('C','00016', '04-11-2016', 5); 
INSERT INTO Watches (UserID, MovieID, WatchDate, Rating) VALUES ('D','00016', '02-01-2016',3); 
INSERT INTO Watches (UserID, MovieID, WatchDate, Rating) VALUES ('TomJ','00017', '01-05-2016', 5); 
INSERT INTO Watches (UserID, MovieID, WatchDate, Rating) VALUES ('MovieMan','00017', '04-05-2016',4); 
INSERT INTO Watches (UserID, MovieID, WatchDate, Rating) VALUES ('A','00017', '01-15-2016', 3); 
INSERT INTO Watches (UserID, MovieID, WatchDate, Rating) VALUES ('B','00017', '04-02-2016',3); 
INSERT INTO Watches (UserID, MovieID, WatchDate, Rating) VALUES ('C','00017', '04-11-2016', 2); 
INSERT INTO Watches (UserID, MovieID, WatchDate, Rating) VALUES ('D','00017', '02-01-2016',3); 
INSERT INTO Watches (UserID, MovieID, WatchDate, Rating) VALUES ('TomJ','00018', '01-05-2016', 5); 
INSERT INTO Watches (UserID, MovieID, WatchDate, Rating) VALUES ('MovieMan','00018', '04-05-2016',4); 
INSERT INTO Watches (UserID, MovieID, WatchDate, Rating) VALUES ('A','00018', '01-15-2016', 3); 
INSERT INTO Watches (UserID, MovieID, WatchDate, Rating) VALUES ('B','00018', '04-02-2016',5); 
INSERT INTO Watches (UserID, MovieID, WatchDate, Rating) VALUES ('C','00018', '04-11-2016', 3); 
INSERT INTO Watches (UserID, MovieID, WatchDate, Rating) VALUES ('D','00018', '02-01-2016',3); 
INSERT INTO Watches (UserID, MovieID, WatchDate, Rating) VALUES ('TomJ','00019', '01-05-2016', 5); 
INSERT INTO Watches (UserID, MovieID, WatchDate, Rating) VALUES ('MovieMan','00019', '04-05-2016',3); 
INSERT INTO Watches (UserID, MovieID, WatchDate, Rating) VALUES ('A','00019', '01-15-2016', 3); 
INSERT INTO Watches (UserID, MovieID, WatchDate, Rating) VALUES ('B','00019', '04-02-2016',3); 
INSERT INTO Watches (UserID, MovieID, WatchDate, Rating) VALUES ('C','00019', '04-11-2016', 5); 
INSERT INTO Watches (UserID, MovieID, WatchDate, Rating) VALUES ('D','00019', '02-01-2016',3); 
INSERT INTO Watches (UserID, MovieID, WatchDate, Rating) VALUES ('TomJ','00020', '01-05-2016', 4); 
INSERT INTO Watches (UserID, MovieID, WatchDate, Rating) VALUES ('MovieMan','00020', '04-05-2016',5); 
INSERT INTO Watches (UserID, MovieID, WatchDate, Rating) VALUES ('A','00020', '01-15-2016', 3); 
INSERT INTO Watches (UserID, MovieID, WatchDate, Rating) VALUES ('B','00020', '04-02-2016',4); 
INSERT INTO Watches (UserID, MovieID, WatchDate, Rating) VALUES ('C','00020', '04-11-2016', 5); 
INSERT INTO Watches (UserID, MovieID, WatchDate, Rating) VALUES ('D','00020', '02-01-2016',4); 


UPDATE Movie set Description = 'Its been nearly two years since Supermans (Henry Cavill) colossal battle with Zod (Michael Shannon) devastated the city of Metropolis. The loss of life and collateral damage left many feeling angry and helpless, including crime-fighting billionaire Bruce Wayne (Ben Affleck). Convinced that Superman is now a threat to humanity, Batman embarks on a personal vendetta to end his reign on Earth, while the conniving Lex Luthor (Jesse Eisenberg) launches his own crusade against the Man of Steel.',  TrailerLink = 'https://www.youtube.com/watch?v=eX_iASz1Si8' where MovieID = '00001';
UPDATE Movie set Description = 'When John Connor (Jason Clarke), leader of the human resistance against Skynet, sends Kyle Reese (Jai Courtney) back to 1984 to protect his mother, Sarah (Emilia Clarke), from a Terminator assassin, an unexpected turn of events creates an altered timeline. ',  TrailerLink = 'https://www.youtube.com/watch?v=hi4fObmAImA' where MovieID = '00002';
UPDATE Movie set Description = 'Wade Wilson (Ryan Reynolds) is a former Special Forces operative who now works as a mercenary. His world comes crashing down when evil scientist Ajax (Ed Skrein) tortures, disfigures and transforms him into Deadpool.',  TrailerLink = 'https://www.youtube.com/watch?v=ZIM1HydF9UA' where MovieID = '00003';
UPDATE Movie set Description = 'Located off the coast of Costa Rica, the Jurassic World luxury resort provides a habitat for an array of genetically engineered dinosaurs, including the vicious and intelligent Indominus rex. When the massive creature escapes, it sets off a chain reaction that causes the other dinos to run amok.',  TrailerLink = 'https://www.youtube.com/watch?v=RFinNxS5KN4' where MovieID = '00004';
UPDATE Movie set Description = 'Worshiped as a god since the dawn of civilization, the immortal Apocalypse (Oscar Isaac) becomes the first and most powerful mutant. Awakening after thousands of years, he recruits the disheartened Magneto (Michael Fassbender) and other mutants to create a new world order.',  TrailerLink = 'https://www.youtube.com/watch?v=PfBVIHgQbYk' where MovieID = '00005';
UPDATE Movie set Description = 'Supervillains accept a secret government mission that will likely result in their deaths.',  TrailerLink = 'https://www.youtube.com/watch?v=MZwsbcW-d-E' where MovieID = '00006';
UPDATE Movie set Description = 'Raised by a family of wolves since birth, Mowgli (Neel Sethi) must leave the only home hes ever known when the fearsome tiger Shere Khan (Idris Elba) unleashes his mighty roar.',  TrailerLink = 'https://www.youtube.com/watch?v=C4qgAaxB_pc' where MovieID = '00007';
UPDATE Movie set Description = 'Years after the collapse of civilization, the tyrannical Immortan Joe enslaves apocalypse survivors inside the desert fortress the Citadel. When the warrior Imperator Furiosa (Charlize Theron) leads the despots five wives in a daring escape, she forges an alliance with Max Rockatansky (Tom Hardy), a loner and former captive. Fortified in the massive, armored truck the War Rig, they try to outrun the ruthless warlord and his henchmen in a deadly high-speed chase through the Wasteland.',  TrailerLink = 'https://www.youtube.com/watch?v=hEJnMQG9ev8' where MovieID = '00008';
UPDATE Movie set Description = 'Adonis Johnson (Michael B. Jordan) never knew his famous father, boxing champion Apollo Creed, who died before Adonis was born. However, boxing is in his blood, so he seeks out Rocky Balboa (Sylvester Stallone) and asks the retired champ to be his trainer. Rocky sees much of Apollo in Adonis, and agrees to mentor him, even as he battles an opponent deadlier than any in the ring. With Rockys help, Adonis soon gets a title shot, but whether he has the true heart of a fighter remains to be seen.',  TrailerLink = 'https://www.youtube.com/watch?v=Uv554B7YHk4' where MovieID = '00009';
UPDATE Movie set Description = 'Riley (Kaitlyn Dias) is a happy, hockey-loving 11-year-old Midwestern girl, but her world turns upside-down when she and her parents move to San Francisco. Rileys emotions  led by Joy (Amy Poehler) -- try to guide her through this difficult, life-changing event. However, the stress of the move brings Sadness (Phyllis Smith) to the forefront.',  TrailerLink = 'https://www.youtube.com/watch?v=seMwpP0yeu4' where MovieID = '00010';
UPDATE Movie set Description = 'Two cops team up to get back a kidnapped daughter.',  TrailerLink = 'https://www.youtube.com/watch?v=7-oN5IEjwIQ' where MovieID = '00011';
UPDATE Movie set Description = 'Charismatic magician Atlas (Jesse Eisenberg) leads a team of talented illusionists called the Four Horsemen. Atlas and his comrades mesmerize audiences with a pair of amazing magic shows that drain the bank accounts of the corrupt and funnel the money to audience members.',  TrailerLink = 'https://www.youtube.com/watch?v=KzJNYYkkhzc' where MovieID = '00012';
UPDATE Movie set Description = 'Ever since her father drilled into her head that monogamy isnt realistic, magazine writer Amy (Amy Schumer) has made promiscuity her credo. As much as she enjoys an uninhibited life free of commitment, Amy is really in a rut. While writing a profile about charming and successful sports doctor Aaron Conners (Bill Hader), she finds herself actually falling in love for the first time -- and whats more, Aaron seems to like her too. Amy starts to wonder if its time to clean up her act.',  TrailerLink = 'https://www.youtube.com/watch?v=2MxnhBPoIx4' where MovieID = '00013';
UPDATE Movie set Description = 'Stoner Dale Dentons (Seth Rogen) enjoyment of a rare strain of marijuana may prove fatal when he drops his roach in a panic after witnessing a murder. Upon learning that the fancy weed can be traced back to them, Dale and his dealer (James Franco) go on the lam, with a dangerous drug lord (Gary Cole) and crooked cop (Rosie Perez) hot on their heel',  TrailerLink = 'https://www.youtube.com/watch?v=BWZt4v6b1hI' where MovieID = '00014';
UPDATE Movie set Description = 'While exploring the uncharted wilderness in 1823, frontiersman Hugh Glass (Leonardo DiCaprio) sustains life-threatening injuries from a brutal bear attack. When a member (Tom Hardy) of his hunting team kills his young son (Forrest Goodluck) and leaves him for dead, Glass must utilize his survival skills to find a way back to civilization. Grief-stricken and fueled by vengeance, the legendary fur trapper treks through the snowy terrain to track down the man who betrayed him.',  TrailerLink = 'https://www.youtube.com/watch?v=LoebZZ8K5N0' where MovieID = '00015';
UPDATE Movie set Description = 'With the help of allies Lt. Jim Gordon (Gary Oldman) and DA Harvey Dent (Aaron Eckhart), Batman (Christian Bale) has been able to keep a tight lid on crime in Gotham City. But when a vile young criminal calling himself the Joker (Heath Ledger) suddenly throws the town into chaos, the caped Crusader begins to tread a fine line between heroism and vigilantism',  TrailerLink = 'https://www.youtube.com/watch?v=EXeTwQWrcwY' where MovieID = '00016';
UPDATE Movie set Description = 'Widely regarded as one of the greatest films of all time, this mob drama, based on Mario Puzos novel of the same name, focuses on the powerful Italian-American crime family of Don Vito Corleone (Marlon Brando). When the dons youngest son, Michael (Al Pacino), reluctantly joins the Mafia, he becomes involved in the inevitable cycle of violence and betrayal. Although Michael tries to maintain a normal relationship with his wife, Kay (Diane Keaton), he is drawn deeper into the family business.',  TrailerLink = 'https://www.youtube.com/watch?v=sY1S34973zA' where MovieID = '00017';
UPDATE Movie set Description = 'A young man grows up in the mob and works very hard to advance himself through the ranks. He enjoys his life of money and luxury, but is oblivious to the horror that he causes. A drug addiction and a few mistakes ultimately unravel his climb to the top. Based on the book "Wiseguy" by Nicholas Pileggi.',  TrailerLink = 'https://www.youtube.com/watch?v=qo5jJpHtI1Y' where MovieID = '00018';
UPDATE Movie set Description = 'Slow-witted Forrest Gump (Tom Hanks) has never thought of himself as disadvantaged, and thanks to his supportive mother (Sally Field), he leads anything but a restricted life. Whether dominating on the gridiron as a college football star, fighting in Vietnam or captaining a shrimp boat, Forrest inspires people with his childlike optimism. But one person Forrest cares about most may be the most difficult to save -- his childhood love, the sweet but troubled Jenny (Robin Wright).',  TrailerLink = 'https://www.youtube.com/watch?v=uPIEn0M8su0' where MovieID = '00019';
UPDATE Movie set Description = 'Neo (Keanu Reeves) believes that Morpheus (Laurence Fishburne), an elusive figure considered to be the most dangerous man alive, can answer his question -- What is the Matrix? Neo is contacted by Trinity (Carrie-Anne Moss), a beautiful stranger who leads him into an underworld where he meets Morpheus. They fight a brutal battle for their lives against a cadre of viciously intelligent secret agents. It is a truth that could cost Neo something more precious than his life',  TrailerLink = 'https://www.youtube.com/watch?v=m8e-FF8MsqU' where MovieID = '00020';